0,2.T0.3-142-G-016-1.2.H
0,201.T0.3-142-G-016-1.4.R
0,6.T0.3-142-G-016-1.2.H
0,204.T0.3-142-G-016-1.4.R
0,13.T0.3-142-G-016-1.2.H
0,214.T0.3-142-G-016-1.4.R
0,23.T0.3-142-G-016-1.2.H
0,223.T0.3-142-G-016-1.4.R
0,32.T0.3-142-G-016-1.2.H
0,232.T0.3-142-G-016-1.4.R
0,41.T0.3-142-G-016-1.2.H
0,242.T0.3-142-G-016-1.4.R
0,51.T0.3-142-G-016-1.2.H
0,252.T0.3-142-G-016-1.4.R
0,61.T0.3-142-G-016-1.2.H
0,260.T0.3-142-G-016-1.4.R
0,69.T0.3-142-G-016-1.2.H
0,271.T0.3-142-G-016-1.4.R
0,80.T0.3-142-G-016-1.2.H
0,280.T0.3-142-G-016-1.4.R
0,89.T0.3-142-G-016-1.2.H
0,289.T0.3-142-G-016-1.4.R
0,98.T0.3-142-G-016-1.2.H
0,299.T0.3-142-G-016-1.4.R
0,108.T0.3-142-G-016-1.2.H
0,309.T0.3-142-G-016-1.4.R
0,118.T0.3-142-G-016-1.2.H
0,317.T0.3-142-G-016-1.4.R
0,126.T0.3-142-G-016-1.2.H
0,326.T0.3-142-G-016-1.4.R
0,135.T0.3-142-G-016-1.2.H
0,336.T0.3-142-G-016-1.4.R
0,145.T0.3-142-G-016-1.2.H
0,347.T0.3-142-G-016-1.4.R
0,156.T0.3-142-G-016-1.2.H
0,356.T0.3-142-G-016-1.4.R
0,165.T0.3-142-G-016-1.2.H
0,365.T0.3-142-G-016-1.4.R
0,174.T0.3-142-G-016-1.2.H
0,374.T0.3-142-G-016-1.4.R
0,184.T0.3-142-G-016-1.2.H
0,384.T0.3-142-G-016-1.4.R
0,193.T0.3-142-G-016-1.2.H
0,394.T0.3-142-G-016-1.4.R
0,0_fromDepot
0,0_toDepot
1,3.T0.3-142-G-016-1.2.H
1,203.T0.3-142-G-016-1.4.R
1,10.T0.3-142-G-016-1.2.H
1,209.T0.3-142-G-016-1.4.R
1,18.T0.3-142-G-016-1.2.H
1,218.T0.3-142-G-016-1.4.R
1,27.T0.3-142-G-016-1.2.H
1,228.T0.3-142-G-016-1.4.R
1,37.T0.3-142-G-016-1.2.H
1,239.T0.3-142-G-016-1.4.R
1,48.T0.3-142-G-016-1.2.H
1,248.T0.3-142-G-016-1.4.R
1,57.T0.3-142-G-016-1.2.H
1,257.T0.3-142-G-016-1.4.R
1,66.T0.3-142-G-016-1.2.H
1,267.T0.3-142-G-016-1.4.R
1,76.T0.3-142-G-016-1.2.H
1,276.T0.3-142-G-016-1.4.R
1,85.T0.3-142-G-016-1.2.H
1,286.T0.3-142-G-016-1.4.R
1,95.T0.3-142-G-016-1.2.H
1,295.T0.3-142-G-016-1.4.R
1,104.T0.3-142-G-016-1.2.H
1,304.T0.3-142-G-016-1.4.R
1,113.T0.3-142-G-016-1.2.H
1,314.T0.3-142-G-016-1.4.R
1,123.T0.3-142-G-016-1.2.H
1,324.T0.3-142-G-016-1.4.R
1,133.T0.3-142-G-016-1.2.H
1,332.T0.3-142-G-016-1.4.R
1,141.T0.3-142-G-016-1.2.H
1,343.T0.3-142-G-016-1.4.R
1,152.T0.3-142-G-016-1.2.H
1,352.T0.3-142-G-016-1.4.R
1,161.T0.3-142-G-016-1.2.H
1,361.T0.3-142-G-016-1.4.R
1,170.T0.3-142-G-016-1.2.H
1,371.T0.3-142-G-016-1.4.R
1,179.T0.3-142-G-016-1.2.H
1,380.T0.3-142-G-016-1.4.R
1,189.T0.3-142-G-016-1.2.H
1,389.T0.3-142-G-016-1.4.R
1,199.T0.3-142-G-016-1.2.H
1,1_fromDepot
1,1_toDepot
2,8.T0.3-142-G-016-1.2.H
2,208.T0.3-142-G-016-1.4.R
2,17.T0.3-142-G-016-1.2.H
2,217.T0.3-142-G-016-1.4.R
2,26.T0.3-142-G-016-1.2.H
2,227.T0.3-142-G-016-1.4.R
2,36.T0.3-142-G-016-1.2.H
2,237.T0.3-142-G-016-1.4.R
2,46.T0.3-142-G-016-1.2.H
2,245.T0.3-142-G-016-1.4.R
2,54.T0.3-142-G-016-1.2.H
2,254.T0.3-142-G-016-1.4.R
2,63.T0.3-142-G-016-1.2.H
2,264.T0.3-142-G-016-1.4.R
2,73.T0.3-142-G-016-1.2.H
2,275.T0.3-142-G-016-1.4.R
2,84.T0.3-142-G-016-1.2.H
2,284.T0.3-142-G-016-1.4.R
2,93.T0.3-142-G-016-1.2.H
2,293.T0.3-142-G-016-1.4.R
2,102.T0.3-142-G-016-1.2.H
2,303.T0.3-142-G-016-1.4.R
2,112.T0.3-142-G-016-1.2.H
2,312.T0.3-142-G-016-1.4.R
2,121.T0.3-142-G-016-1.2.H
2,322.T0.3-142-G-016-1.4.R
2,131.T0.3-142-G-016-1.2.H
2,331.T0.3-142-G-016-1.4.R
2,140.T0.3-142-G-016-1.2.H
2,340.T0.3-142-G-016-1.4.R
2,149.T0.3-142-G-016-1.2.H
2,350.T0.3-142-G-016-1.4.R
2,159.T0.3-142-G-016-1.2.H
2,360.T0.3-142-G-016-1.4.R
2,169.T0.3-142-G-016-1.2.H
2,369.T0.3-142-G-016-1.4.R
2,178.T0.3-142-G-016-1.2.H
2,379.T0.3-142-G-016-1.4.R
2,187.T0.3-142-G-016-1.2.H
2,388.T0.3-142-G-016-1.4.R
2,197.T0.3-142-G-016-1.2.H
2,2_fromDepot
2,2_toDepot
3,206.T0.3-142-G-016-1.4.R
3,15.T0.3-142-G-016-1.2.H
3,216.T0.3-142-G-016-1.4.R
3,25.T0.3-142-G-016-1.2.H
3,224.T0.3-142-G-016-1.4.R
3,33.T0.3-142-G-016-1.2.H
3,235.T0.3-142-G-016-1.4.R
3,44.T0.3-142-G-016-1.2.H
3,244.T0.3-142-G-016-1.4.R
3,53.T0.3-142-G-016-1.2.H
3,253.T0.3-142-G-016-1.4.R
3,62.T0.3-142-G-016-1.2.H
3,263.T0.3-142-G-016-1.4.R
3,72.T0.3-142-G-016-1.2.H
3,273.T0.3-142-G-016-1.4.R
3,82.T0.3-142-G-016-1.2.H
3,281.T0.3-142-G-016-1.4.R
3,90.T0.3-142-G-016-1.2.H
3,290.T0.3-142-G-016-1.4.R
3,99.T0.3-142-G-016-1.2.H
3,300.T0.3-142-G-016-1.4.R
3,109.T0.3-142-G-016-1.2.H
3,311.T0.3-142-G-016-1.4.R
3,120.T0.3-142-G-016-1.2.H
3,320.T0.3-142-G-016-1.4.R
3,129.T0.3-142-G-016-1.2.H
3,329.T0.3-142-G-016-1.4.R
3,138.T0.3-142-G-016-1.2.H
3,339.T0.3-142-G-016-1.4.R
3,148.T0.3-142-G-016-1.2.H
3,348.T0.3-142-G-016-1.4.R
3,157.T0.3-142-G-016-1.2.H
3,358.T0.3-142-G-016-1.4.R
3,167.T0.3-142-G-016-1.2.H
3,367.T0.3-142-G-016-1.4.R
3,176.T0.3-142-G-016-1.2.H
3,377.T0.3-142-G-016-1.4.R
3,185.T0.3-142-G-016-1.2.H
3,386.T0.3-142-G-016-1.4.R
3,194.T0.3-142-G-016-1.2.H
3,395.T0.3-142-G-016-1.4.R
3,3_fromDepot
3,3_toDepot
4,12.T0.3-142-G-016-1.2.H
4,212.T0.3-142-G-016-1.4.R
4,21.T0.3-142-G-016-1.2.H
4,221.T0.3-142-G-016-1.4.R
4,30.T0.3-142-G-016-1.2.H
4,231.T0.3-142-G-016-1.4.R
4,40.T0.3-142-G-016-1.2.H
4,240.T0.3-142-G-016-1.4.R
4,49.T0.3-142-G-016-1.2.H
4,250.T0.3-142-G-016-1.4.R
4,59.T0.3-142-G-016-1.2.H
4,259.T0.3-142-G-016-1.4.R
4,68.T0.3-142-G-016-1.2.H
4,268.T0.3-142-G-016-1.4.R
4,77.T0.3-142-G-016-1.2.H
4,278.T0.3-142-G-016-1.4.R
4,87.T0.3-142-G-016-1.2.H
4,288.T0.3-142-G-016-1.4.R
4,97.T0.3-142-G-016-1.2.H
4,296.T0.3-142-G-016-1.4.R
4,105.T0.3-142-G-016-1.2.H
4,307.T0.3-142-G-016-1.4.R
4,116.T0.3-142-G-016-1.2.H
4,316.T0.3-142-G-016-1.4.R
4,125.T0.3-142-G-016-1.2.H
4,325.T0.3-142-G-016-1.4.R
4,134.T0.3-142-G-016-1.2.H
4,335.T0.3-142-G-016-1.4.R
4,144.T0.3-142-G-016-1.2.H
4,345.T0.3-142-G-016-1.4.R
4,154.T0.3-142-G-016-1.2.H
4,353.T0.3-142-G-016-1.4.R
4,162.T0.3-142-G-016-1.2.H
4,362.T0.3-142-G-016-1.4.R
4,172.T0.3-142-G-016-1.2.H
4,373.T0.3-142-G-016-1.4.R
4,182.T0.3-142-G-016-1.2.H
4,382.T0.3-142-G-016-1.4.R
4,191.T0.3-142-G-016-1.2.H
4,392.T0.3-142-G-016-1.4.R
4,4_fromDepot
4,4_toDepot
5,189.T0.3-54-G-016-3.6.R
5,13.T0.3-54-G-016-3.2.H
5,219.T0.3-54-G-016-3.6.R
5,40.T0.3-54-G-016-3.2.H
5,246.T0.3-54-G-016-3.6.R
5,68.T0.3-54-G-016-3.2.H
5,274.T0.3-54-G-016-3.6.R
5,97.T0.3-54-G-016-3.2.H
5,303.T0.3-54-G-016-3.6.R
5,126.T0.3-54-G-016-3.2.H
5,332.T0.3-54-G-016-3.6.R
5,154.T0.3-54-G-016-3.2.H
5,359.T0.3-54-G-016-3.6.R
5,176.T0.3-54-G-016-3.2.H
5,377.T0.3-54-G-016-3.8.R
5,5_fromDepot
5,5_toDepot
6,2.T0.3-54-G-016-3.1.H
6,197.T0.3-54-G-016-3.6.R
6,22.T0.3-54-G-016-3.2.H
6,228.T0.3-54-G-016-3.6.R
6,49.T0.3-54-G-016-3.2.H
6,255.T0.3-54-G-016-3.6.R
6,76.T0.3-54-G-016-3.2.H
6,282.T0.3-54-G-016-3.6.R
6,103.T0.3-54-G-016-3.2.H
6,309.T0.3-54-G-016-3.6.R
6,131.T0.3-54-G-016-3.2.H
6,337.T0.3-54-G-016-3.6.R
6,160.T0.3-54-G-016-3.2.H
6,363.T0.3-54-G-016-3.6.R
6,182.T0.3-54-G-016-3.2.H
6,6_fromDepot
6,6_toDepot
7,192.T0.3-54-G-016-3.7.R
7,6.T0.3-54-G-016-3.2.H
7,210.T0.3-54-G-016-3.6.R
7,32.T0.3-54-G-016-3.2.H
7,238.T0.3-54-G-016-3.6.R
7,61.T0.3-54-G-016-3.2.H
7,267.T0.3-54-G-016-3.6.R
7,89.T0.3-54-G-016-3.2.H
7,295.T0.3-54-G-016-3.6.R
7,116.T0.3-54-G-016-3.2.H
7,322.T0.3-54-G-016-3.6.R
7,143.T0.3-54-G-016-3.2.H
7,349.T0.3-54-G-016-3.6.R
7,172.T0.3-54-G-016-3.2.H
7,373.T0.3-54-G-016-3.6.R
7,7_fromDepot
7,7_toDepot
8,3.T0.3-54-G-016-3.2.H
8,206.T0.3-54-G-016-3.6.R
8,31.T0.3-54-G-016-3.2.H
8,237.T0.3-54-G-016-3.6.R
8,60.T0.3-54-G-016-3.2.H
8,266.T0.3-54-G-016-3.6.R
8,88.T0.3-54-G-016-3.2.H
8,294.T0.3-54-G-016-3.6.R
8,115.T0.3-54-G-016-3.2.H
8,321.T0.3-54-G-016-3.6.R
8,142.T0.3-54-G-016-3.2.H
8,348.T0.3-54-G-016-3.6.R
8,171.T0.3-54-G-016-3.2.H
8,372.T0.3-54-G-016-3.6.R
8,8_fromDepot
8,8_toDepot
9,5.T0.3-54-G-016-3.3.H
9,202.T0.3-54-G-016-3.6.R
9,28.T0.3-54-G-016-3.2.H
9,234.T0.3-54-G-016-3.6.R
9,56.T0.3-54-G-016-3.2.H
9,262.T0.3-54-G-016-3.6.R
9,83.T0.3-54-G-016-3.2.H
9,289.T0.3-54-G-016-3.6.R
9,110.T0.3-54-G-016-3.2.H
9,316.T0.3-54-G-016-3.6.R
9,137.T0.3-54-G-016-3.2.H
9,343.T0.3-54-G-016-3.6.R
9,166.T0.3-54-G-016-3.2.H
9,369.T0.3-54-G-016-3.6.R
9,187.T0.3-54-G-016-3.5.H
9,9_fromDepot
9,9_toDepot
10,193.T0.3-54-G-016-3.6.R
10,17.T0.3-54-G-016-3.2.H
10,223.T0.3-54-G-016-3.6.R
10,44.T0.3-54-G-016-3.2.H
10,250.T0.3-54-G-016-3.6.R
10,71.T0.3-54-G-016-3.2.H
10,277.T0.3-54-G-016-3.6.R
10,100.T0.3-54-G-016-3.2.H
10,306.T0.3-54-G-016-3.6.R
10,129.T0.3-54-G-016-3.2.H
10,335.T0.3-54-G-016-3.6.R
10,156.T0.3-54-G-016-3.2.H
10,361.T0.3-54-G-016-3.6.R
10,179.T0.3-54-G-016-3.2.H
10,10_fromDepot
10,10_toDepot
11,195.T0.3-54-G-016-3.7.R
11,7.T0.3-54-G-016-3.2.H
11,213.T0.3-54-G-016-3.6.R
11,35.T0.3-54-G-016-3.2.H
11,241.T0.3-54-G-016-3.6.R
11,64.T0.3-54-G-016-3.2.H
11,270.T0.3-54-G-016-3.6.R
11,93.T0.3-54-G-016-3.2.H
11,299.T0.3-54-G-016-3.6.R
11,121.T0.3-54-G-016-3.2.H
11,327.T0.3-54-G-016-3.6.R
11,148.T0.3-54-G-016-3.2.H
11,354.T0.3-54-G-016-3.6.R
11,174.T0.3-54-G-016-3.2.H
11,374.T0.3-54-G-016-3.6.R
11,11_fromDepot
11,11_toDepot
12,199.T0.3-54-G-016-3.9.R
12,16.T0.3-54-G-016-3.2.H
12,222.T0.3-54-G-016-3.6.R
12,43.T0.3-54-G-016-3.2.H
12,249.T0.3-54-G-016-3.6.R
12,70.T0.3-54-G-016-3.2.H
12,276.T0.3-54-G-016-3.6.R
12,98.T0.3-54-G-016-3.2.H
12,304.T0.3-54-G-016-3.6.R
12,127.T0.3-54-G-016-3.2.H
12,333.T0.3-54-G-016-3.6.R
12,155.T0.3-54-G-016-3.2.H
12,360.T0.3-54-G-016-3.6.R
12,178.T0.3-54-G-016-3.2.H
12,12_fromDepot
12,12_toDepot
13,10.T0.3-54-G-016-3.2.H
13,216.T0.3-54-G-016-3.6.R
13,37.T0.3-54-G-016-3.2.H
13,243.T0.3-54-G-016-3.6.R
13,65.T0.3-54-G-016-3.2.H
13,271.T0.3-54-G-016-3.6.R
13,94.T0.3-54-G-016-3.2.H
13,300.T0.3-54-G-016-3.6.R
13,122.T0.3-54-G-016-3.2.H
13,328.T0.3-54-G-016-3.6.R
13,149.T0.3-54-G-016-3.2.H
13,355.T0.3-54-G-016-3.8.R
13,13_fromDepot
13,13_toDepot
14,11.T0.3-54-G-016-3.3.H
14,211.T0.3-54-G-016-3.6.R
14,34.T0.3-54-G-016-3.2.H
14,240.T0.3-54-G-016-3.6.R
14,63.T0.3-54-G-016-3.2.H
14,269.T0.3-54-G-016-3.6.R
14,90.T0.3-54-G-016-3.2.H
14,296.T0.3-54-G-016-3.6.R
14,118.T0.3-54-G-016-3.2.H
14,324.T0.3-54-G-016-3.6.R
14,145.T0.3-54-G-016-3.2.H
14,351.T0.3-54-G-016-3.8.R
14,14_fromDepot
14,14_toDepot
15,200.T0.3-54-G-016-3.9.R
15,19.T0.3-54-G-016-3.2.H
15,225.T0.3-54-G-016-3.6.R
15,46.T0.3-54-G-016-3.2.H
15,252.T0.3-54-G-016-3.6.R
15,73.T0.3-54-G-016-3.2.H
15,279.T0.3-54-G-016-3.6.R
15,101.T0.3-54-G-016-3.2.H
15,307.T0.3-54-G-016-3.6.R
15,130.T0.3-54-G-016-3.2.H
15,336.T0.3-54-G-016-3.6.R
15,159.T0.3-54-G-016-3.4.H
15,15_fromDepot
15,15_toDepot
16,203.T0.3-54-G-016-3.10.R
16,27.T0.3-54-G-016-3.2.H
16,233.T0.3-54-G-016-3.6.R
16,55.T0.3-54-G-016-3.2.H
16,261.T0.3-54-G-016-3.6.R
16,82.T0.3-54-G-016-3.2.H
16,288.T0.3-54-G-016-3.6.R
16,109.T0.3-54-G-016-3.2.H
16,315.T0.3-54-G-016-3.6.R
16,136.T0.3-54-G-016-3.2.H
16,342.T0.3-54-G-016-3.6.R
16,165.T0.3-54-G-016-3.2.H
16,367.T0.3-54-G-016-3.6.R
16,185.T0.3-54-G-016-3.2.H
16,16_fromDepot
16,16_toDepot
17,205.T0.3-54-G-016-3.9.R
17,24.T0.3-54-G-016-3.2.H
17,230.T0.3-54-G-016-3.6.R
17,52.T0.3-54-G-016-3.2.H
17,258.T0.3-54-G-016-3.6.R
17,79.T0.3-54-G-016-3.2.H
17,285.T0.3-54-G-016-3.6.R
17,106.T0.3-54-G-016-3.2.H
17,312.T0.3-54-G-016-3.6.R
17,134.T0.3-54-G-016-3.2.H
17,340.T0.3-54-G-016-3.6.R
17,163.T0.3-54-G-016-3.2.H
17,364.T0.3-54-G-016-3.6.R
17,184.T0.3-54-G-016-3.2.H
17,17_fromDepot
17,17_toDepot
18,209.T0.3-54-G-016-3.10.R
18,30.T0.3-54-G-016-3.2.H
18,236.T0.3-54-G-016-3.6.R
18,57.T0.3-54-G-016-3.2.H
18,263.T0.3-54-G-016-3.6.R
18,85.T0.3-54-G-016-3.2.H
18,291.T0.3-54-G-016-3.6.R
18,112.T0.3-54-G-016-3.2.H
18,318.T0.3-54-G-016-3.6.R
18,139.T0.3-54-G-016-3.2.H
18,345.T0.3-54-G-016-3.6.R
18,169.T0.3-54-G-016-3.2.H
18,370.T0.3-54-G-016-3.6.R
18,188.T0.3-54-G-016-3.5.H
18,18_fromDepot
18,18_toDepot
19,23.T0.3-54-G-016-3.2.H
19,229.T0.3-54-G-016-3.6.R
19,50.T0.3-54-G-016-3.2.H
19,256.T0.3-54-G-016-3.6.R
19,77.T0.3-54-G-016-3.2.H
19,283.T0.3-54-G-016-3.6.R
19,104.T0.3-54-G-016-3.2.H
19,310.T0.3-54-G-016-3.6.R
19,133.T0.3-54-G-016-3.2.H
19,339.T0.3-54-G-016-3.6.R
19,162.T0.3-54-G-016-3.4.H
19,19_fromDepot
19,19_toDepot
20,217.T0.3-54-G-016-3.6.R
20,38.T0.3-54-G-016-3.2.H
20,244.T0.3-54-G-016-3.6.R
20,67.T0.3-54-G-016-3.2.H
20,273.T0.3-54-G-016-3.6.R
20,96.T0.3-54-G-016-3.2.H
20,302.T0.3-54-G-016-3.6.R
20,123.T0.3-54-G-016-3.2.H
20,329.T0.3-54-G-016-3.6.R
20,151.T0.3-54-G-016-3.2.H
20,357.T0.3-54-G-016-3.6.R
20,175.T0.3-54-G-016-3.2.H
20,376.T0.3-54-G-016-3.6.R
20,20_fromDepot
20,20_toDepot
